,btc,ltc,eth
btc,1.0,0.12896667482947774,0.7631060596254148
ltc,0.12896667482947774,1.0,-0.00647222708791299
eth,0.7631060596254148,-0.00647222708791299,1.0
